addedCount,notAddedCount,currentTotalUsers
0,100,120
name,email,city,error
Michelle Hammes,Loyal97@yahoo.com,Gutmannmouth,User already exists
Octavia Schiller,Jordy76@gmail.com,Julesshire,User already exists
Efrain Hessel IV,Guadalupe.Williamson41@gmail.com,Vandervortburgh,User already exists
Tremaine Romaguera,Orlo_Becker@gmail.com,Port Sidfurt,User already exists
Andrew Dooley,Unique_Mann@hotmail.com,Turcotteberg,User already exists
Wilford Krajcik,Marquise.Bosco@gmail.com,Kautzerstad,User already exists
Dr. Rahul Cormier,Ebba_Moore57@yahoo.com,West Frances,User already exists
Shanel Fahey,Rocio.Lueilwitz26@hotmail.com,Angelitamouth,User already exists
John Mills III,Frank_Mraz28@yahoo.com,Gusikowskimouth,User already exists
Rachael Legros,Horace74@hotmail.com,Lubowitzview,User already exists
Marquise Fay III,Betsy23@yahoo.com,Uptontown,User already exists
Joe Pouros,Triston.Harber91@yahoo.com,Demondhaven,User already exists
Blaise Daniel,Mark62@hotmail.com,New Cadeland,User already exists
Richie Maggio DVM,Hilario34@gmail.com,Santinabury,User already exists
Stanton Howell,Ramiro_Hermann@hotmail.com,Kleinport,User already exists
Broderick Schmitt,Aryanna.Collier25@yahoo.com,Tamarastad,User already exists
Emmanuel Bahringer,Jillian39@hotmail.com,Alexandrinestad,User already exists
Warren Harvey,Lew_Hagenes47@yahoo.com,MacGyverborough,User already exists
Edgar Stroman,Joaquin67@gmail.com,South Arvilla,User already exists
Waino Barton,Deron_Hettinger65@gmail.com,Peterview,User already exists
Jessie Moen,Miguel_Rodriguez49@yahoo.com,East Brandttown,User already exists
Kody Lindgren,Earlene_Cole@yahoo.com,Hayleystad,User already exists
Wilber Feest,Vida.Treutel22@hotmail.com,New Trentonmouth,User already exists
Adan Balistreri,Savanna.Bartell14@gmail.com,Lavonnefurt,User already exists
Henderson Ankunding,Reyes_Cremin@gmail.com,West Murphy,User already exists
Rosendo Raynor,Romaine25@gmail.com,New Jefferey,User already exists
Jaime Ruecker,Percival.Walker21@gmail.com,Juanastad,User already exists
Cara Kutch,Pascale20@gmail.com,Konopelskimouth,User already exists
Nelda Stanton,Virgie.Bechtelar@yahoo.com,New Kris,User already exists
Marvin D'Amore,Nils18@hotmail.com,East Marjory,User already exists
Theodora Murazik,Verner.Leffler@gmail.com,Greenfelderborough,User already exists
Kenneth Wehner DDS,Destinee_MacGyver11@gmail.com,Lake Yvettetown,User already exists
Joaquin Shanahan,Jonathon24@yahoo.com,Lennaview,User already exists
Reinhold Moore,Aracely.Howell@yahoo.com,Schinnerville,User already exists
Ernestina Kiehn,Raina_Bogisich67@gmail.com,Patricialand,User already exists
Arvilla Paucek,Dominic_Nader58@gmail.com,West Roberto,User already exists
Carli Hermann,Nikko_Schuppe2@yahoo.com,Kreigerfurt,User already exists
June Waters,Athena8@gmail.com,Mitchellville,User already exists
Meda Russel,Valerie.Schroeder39@hotmail.com,Waelchiville,User already exists
Edgar McDermott,Esta.Hickle@hotmail.com,Gulgowskimouth,User already exists
Maribel Tremblay,Marcelino.Waelchi45@yahoo.com,South Jacintheshire,User already exists
Burnice Ferry,Prudence.Bogisich@hotmail.com,Brekkemouth,User already exists
Donato Anderson,Caroline_Waters97@gmail.com,East Patrickfort,User already exists
Alia Huels,Stuart_Fritsch@hotmail.com,East Adelinebury,User already exists
Berry Klocko,Clair.Bailey@hotmail.com,West Ciceroport,User already exists
Petra Wiegand,Mia.Hahn@gmail.com,Lylatown,User already exists
Jamison Orn,Antwan.Kshlerin@yahoo.com,Carmeloside,User already exists
Hortense Dickinson,Zoie.Kris@yahoo.com,North Jovani,User already exists
Jannie Harvey,Sadie72@hotmail.com,North Myrtice,User already exists
Wilton Funk Jr.,Ofelia.Cassin@gmail.com,Padbergberg,User already exists
Torrance Corkery,Curt66@hotmail.com,South Tommietown,User already exists
Lorenza Daniel,Emmy_Lesch26@hotmail.com,North Abbiefurt,User already exists
Reid Nolan,Elyssa_Kuphal77@gmail.com,Marksberg,User already exists
Nora Rosenbaum,Trace_Swaniawski@hotmail.com,North Garrison,User already exists
Dr. Walter O'Kon,Johnathon_Wuckert@gmail.com,Salvadorhaven,User already exists
Dorthy Beer,Yesenia47@hotmail.com,Christopstad,User already exists
Stefan Jast V,Darby.Gorczany@hotmail.com,Kuvalisstad,User already exists
Mohammed Kuphal,Burdette_OConner@gmail.com,Lake Benny,User already exists
Jett Morissette,Chadrick35@hotmail.com,Felipeshire,User already exists
Jedidiah Kihn,Jarod_Rogahn3@gmail.com,North Belle,User already exists
Sylvia Heaney,Sasha.Collins@gmail.com,New Efrenfort,User already exists
Magdalen Stracke V,Palma_Berge@hotmail.com,New Ernest,User already exists
Stanley Turcotte,Teresa.Will64@yahoo.com,Port Randalstad,User already exists
Mr. Kamille Hudson,Jeffrey0@gmail.com,East Osborneburgh,User already exists
Destin Powlowski,Lindsey_Bogisich78@hotmail.com,Murphyshire,User already exists
Frieda Klocko,Margarette.Flatley@hotmail.com,North Noeliastad,User already exists
Markus Eichmann,Rodrigo64@yahoo.com,Shanahantown,User already exists
Ms. Franco Thompson,Raven84@gmail.com,Lake Devante,User already exists
Vincent Ullrich,Bette61@hotmail.com,Shieldsfurt,User already exists
Lucy Wiza Sr.,Elouise25@yahoo.com,East Giuseppe,User already exists
Abelardo Dietrich DDS,Fanny39@yahoo.com,New Pansyborough,User already exists
Xzavier Fay,Jerrell61@yahoo.com,Kihnmouth,User already exists
Holden Funk,Obie.Lang6@gmail.com,Jennieside,User already exists
Name Howe,Samantha30@hotmail.com,Meganemouth,User already exists
Austin O'Conner,Lacey.Carroll@yahoo.com,Lake Kamron,User already exists
Kaley Borer,Eulalia86@yahoo.com,New Destineeton,User already exists
Darlene Labadie,Ed_Romaguera@gmail.com,South Briana,User already exists
Ms. Danielle Moore,Giles12@gmail.com,Howellport,User already exists
Clement Daniel,Barbara.OKeefe@gmail.com,Carmenfurt,User already exists
Jamey Breitenberg,Monica.VonRueden11@hotmail.com,East Carley,User already exists
Angelica Barrows,Caden17@yahoo.com,Anthonystad,User already exists
Justyn Haag,Margarita16@gmail.com,West Samara,User already exists
Mr. Nedra Simonis,Carmela37@yahoo.com,Port Kadetown,User already exists
Adriel Berge,Earlene16@yahoo.com,Rachelfurt,User already exists
Rasheed Bayer,Gene_Ullrich@gmail.com,New Eva,User already exists
Russel Reinger,Crawford47@yahoo.com,East Cristianburgh,User already exists
Tristian Howe,Otilia.Hauck@gmail.com,West Daryl,User already exists
Jovany Ledner,Armando_Conroy@gmail.com,East Arianna,User already exists
Luella Wunsch,Brittany33@gmail.com,Jacobschester,User already exists
Favian Eichmann,Shaina_Nolan92@hotmail.com,Nonafurt,User already exists
Delphine Frami,Boris.Rutherford@gmail.com,North Gilbertochester,User already exists
Baron Pagac,Meta_Kub@yahoo.com,Myrlchester,User already exists
Robyn Kiehn DVM,Ima_Hauck@yahoo.com,Rileyview,User already exists
Chaz Abernathy,Burnice.Medhurst38@yahoo.com,Ivaville,User already exists
Baylee Cole,Enos8@gmail.com,Mitchelltown,User already exists
Adan Schmitt,Aiden_Goldner@hotmail.com,New Makenzie,User already exists
Myrtis Kris,Wallace.Leannon67@hotmail.com,Considinefurt,User already exists
Anabel Funk,Jeff.Weissnat21@yahoo.com,Port Hermannchester,User already exists
Mr. Julianne Bayer,Priscilla_Torp50@yahoo.com,North Marlen,User already exists
Dorthy Jerde,Arielle.Lindgren33@yahoo.com,Port Helga,User already exists